﻿<parameters>
  <parameter name="IIS Web Application Name" defaultValue="Default Web Site\mebellete" tags="IisApp">
    <parameterEntry kind="ProviderPath" scope="IisApp" match="^C:\\Users\\tododani\\Documents\\GitHub\\EuroPalletsQAS\\EuroPallets\\obj\\Release\\Package\\PackageTmp$" />
    <parameterEntry kind="ProviderPath" scope="setAcl" match="^C:\\Users\\tododani\\Documents\\GitHub\\EuroPalletsQAS\\EuroPallets\\obj\\Release\\Package\\PackageTmp$" />
  </parameter>
  <parameter name="EuroPalletsDbContext-Web.config Connection String" defaultValue="Data Source=Home-Server\SQLEXPRESS;Initial Catalog=Pallets;">
    <parameterEntry kind="XmlFile" scope="C:\\Users\\tododani\\Documents\\GitHub\\EuroPalletsQAS\\EuroPallets\\obj\\Release\\Package\\PackageTmp\\Web\.config$" match="/configuration/connectionStrings/add[@name='EuroPalletsDbContext']/@connectionString" />
  </parameter>
  <parameter name="EuroPalletsDbContext_DatabasePublish-Web.config Connection String" description="EuroPalletsDbContext Connection String used by Entity Framework Code First Model to deploy the database." defaultValue="Data Source=Home-Server\SQLEXPRESS;Initial Catalog=Pallets">
    <parameterEntry kind="XmlFile" scope="C:\\Users\\tododani\\Documents\\GitHub\\EuroPalletsQAS\\EuroPallets\\obj\\Release\\Package\\PackageTmp\\Web\.config$" match="/configuration/connectionStrings/add[@name='EuroPalletsDbContext_DatabasePublish']/@connectionString" />
  </parameter>
</parameters>